[{"model": "admin.logentry", "pk": 1, "fields": {"action_time": "2023-02-01T05:48:23.237Z", "user": 1, "content_type": 7, "object_id": "1", "object_repr": "Brand object (1)", "action_flag": 1, "change_message": "[{\"added\": {}}]"}}, {"model": "admin.logentry", "pk": 2, "fields": {"action_time": "2023-02-01T05:49:12.343Z", "user": 1, "content_type": 8, "object_id": "1", "object_repr": "Product object (1)", "action_flag": 1, "change_message": "[{\"added\": {}}]"}}, {"model": "admin.logentry", "pk": 3, "fields": {"action_time": "2023-02-01T05:56:24.074Z", "user": 1, "content_type": 8, "object_id": "2", "object_repr": "Product2", "action_flag": 1, "change_message": "[{\"added\": {}}]"}}, {"model": "admin.logentry", "pk": 4, "fields": {"action_time": "2023-02-01T06:30:11.587Z", "user": 1, "content_type": 10, "object_id": "1", "object_repr": "Snowboards", "action_flag": 1, "change_message": "[{\"added\": {}}]"}}, {"model": "admin.logentry", "pk": 5, "fields": {"action_time": "2023-02-01T06:30:29.065Z", "user": 1, "content_type": 10, "object_id": "2", "object_repr": "Boots", "action_flag": 1, "change_message": "[{\"added\": {}}]"}}, {"model": "admin.logentry", "pk": 6, "fields": {"action_time": "2023-02-01T06:30:47.652Z", "user": 1, "content_type": 10, "object_id": "3", "object_repr": "Helmet", "action_flag": 1, "change_message": "[{\"added\": {}}]"}}, {"model": "admin.logentry", "pk": 7, "fields": {"action_time": "2023-02-01T06:31:44.316Z", "user": 1, "content_type": 10, "object_id": "4", "object_repr": "Gloves", "action_flag": 1, "change_message": "[{\"added\": {}}]"}}, {"model": "admin.logentry", "pk": 8, "fields": {"action_time": "2023-02-01T06:32:19.455Z", "user": 1, "content_type": 10, "object_id": "5", "object_repr": "Jacket", "action_flag": 1, "change_message": "[{\"added\": {}}]"}}, {"model": "admin.logentry", "pk": 9, "fields": {"action_time": "2023-02-01T06:32:32.031Z", "user": 1, "content_type": 10, "object_id": "6", "object_repr": "Pant", "action_flag": 1, "change_message": "[{\"added\": {}}]"}}, {"model": "admin.logentry", "pk": 10, "fields": {"action_time": "2023-02-01T06:33:39.007Z", "user": 1, "content_type": 7, "object_id": "2", "object_repr": "Burton", "action_flag": 1, "change_message": "[{\"added\": {}}]"}}, {"model": "admin.logentry", "pk": 11, "fields": {"action_time": "2023-02-01T06:33:47.784Z", "user": 1, "content_type": 7, "object_id": "3", "object_repr": "Ride", "action_flag": 1, "change_message": "[{\"added\": {}}]"}}, {"model": "admin.logentry", "pk": 12, "fields": {"action_time": "2023-02-01T06:39:16.852Z", "user": 1, "content_type": 8, "object_id": "2", "object_repr": "Roxy Gordon Snowboard - Woman's", "action_flag": 2, "change_message": "[{\"changed\": {\"fields\": [\"Title\", \"Price\", \"Old price\", \"Description\"]}}]"}}, {"model": "admin.logentry", "pk": 13, "fields": {"action_time": "2023-02-01T06:41:14.790Z", "user": 1, "content_type": 8, "object_id": "1", "object_repr": "Salomon Sight Snowboard", "action_flag": 2, "change_message": "[{\"changed\": {\"fields\": [\"Title\", \"Price\", \"Old price\", \"Description\"]}}]"}}, {"model": "admin.logentry", "pk": 14, "fields": {"action_time": "2023-02-01T06:41:33.584Z", "user": 1, "content_type": 7, "object_id": "4", "object_repr": "Salomon", "action_flag": 1, "change_message": "[{\"added\": {}}]"}}, {"model": "admin.logentry", "pk": 15, "fields": {"action_time": "2023-02-01T06:41:43.341Z", "user": 1, "content_type": 8, "object_id": "1", "object_repr": "Salomon Sight Snowboard", "action_flag": 2, "change_message": "[{\"changed\": {\"fields\": [\"Brand\"]}}]"}}, {"model": "admin.logentry", "pk": 16, "fields": {"action_time": "2023-02-01T06:43:50.647Z", "user": 1, "content_type": 7, "object_id": "5", "object_repr": "Rodan", "action_flag": 1, "change_message": "[{\"added\": {}}]"}}, {"model": "admin.logentry", "pk": 17, "fields": {"action_time": "2023-02-01T06:45:11.359Z", "user": 1, "content_type": 8, "object_id": "3", "object_repr": "Anon Rodan Helmet", "action_flag": 1, "change_message": "[{\"added\": {}}]"}}, {"model": "admin.logentry", "pk": 18, "fields": {"action_time": "2023-02-01T06:47:22.078Z", "user": 1, "content_type": 8, "object_id": "4", "object_repr": "Outseam Gloves", "action_flag": 1, "change_message": "[{\"added\": {}}]"}}, {"model": "admin.logentry", "pk": 19, "fields": {"action_time": "2023-02-01T06:47:44.486Z", "user": 1, "content_type": 10, "object_id": "7", "object_repr": "Travel Bags", "action_flag": 1, "change_message": "[{\"added\": {}}]"}}, {"model": "admin.logentry", "pk": 20, "fields": {"action_time": "2023-02-01T06:49:30.289Z", "user": 1, "content_type": 8, "object_id": "5", "object_repr": "Vans Standard Boots", "action_flag": 1, "change_message": "[{\"added\": {}}]"}}, {"model": "admin.logentry", "pk": 21, "fields": {"action_time": "2023-02-01T06:52:20.001Z", "user": 1, "content_type": 8, "object_id": "6", "object_repr": "Standard Mid Snow Boots", "action_flag": 1, "change_message": "[{\"added\": {}}]"}}, {"model": "admin.logentry", "pk": 22, "fields": {"action_time": "2023-02-01T06:53:50.886Z", "user": 1, "content_type": 8, "object_id": "7", "object_repr": "Multi Pants", "action_flag": 1, "change_message": "[{\"added\": {}}]"}}, {"model": "admin.logentry", "pk": 23, "fields": {"action_time": "2023-02-01T06:55:46.534Z", "user": 1, "content_type": 8, "object_id": "8", "object_repr": "Easy Rider Pants", "action_flag": 1, "change_message": "[{\"added\": {}}]"}}, {"model": "admin.logentry", "pk": 24, "fields": {"action_time": "2023-02-01T06:57:10.139Z", "user": 1, "content_type": 8, "object_id": "9", "object_repr": "Wave Snowboard", "action_flag": 1, "change_message": "[{\"added\": {}}]"}}, {"model": "admin.logentry", "pk": 25, "fields": {"action_time": "2023-02-01T06:57:47.123Z", "user": 1, "content_type": 8, "object_id": "9", "object_repr": "Wave Snowboard", "action_flag": 2, "change_message": "[{\"changed\": {\"fields\": [\"Description\"]}}]"}}, {"model": "admin.logentry", "pk": 26, "fields": {"action_time": "2023-02-01T06:59:20.295Z", "user": 1, "content_type": 10, "object_id": "7", "object_repr": "Backpacks", "action_flag": 2, "change_message": "[{\"changed\": {\"fields\": [\"Title\"]}}]"}}, {"model": "admin.logentry", "pk": 27, "fields": {"action_time": "2023-02-01T07:00:39.918Z", "user": 1, "content_type": 8, "object_id": "10", "object_repr": "Black Backpack", "action_flag": 1, "change_message": "[{\"added\": {}}]"}}, {"model": "admin.logentry", "pk": 28, "fields": {"action_time": "2023-02-01T07:01:34.809Z", "user": 1, "content_type": 8, "object_id": "11", "object_repr": "Blue Backpack", "action_flag": 1, "change_message": "[{\"added\": {}}]"}}, {"model": "admin.logentry", "pk": 29, "fields": {"action_time": "2023-02-01T07:03:09.993Z", "user": 1, "content_type": 8, "object_id": "12", "object_repr": "Men's Snowboard Jacket", "action_flag": 1, "change_message": "[{\"added\": {}}]"}}, {"model": "admin.logentry", "pk": 30, "fields": {"action_time": "2023-02-01T07:04:45.555Z", "user": 1, "content_type": 8, "object_id": "13", "object_repr": "Woman's Burton Jacket", "action_flag": 1, "change_message": "[{\"added\": {}}]"}}, {"model": "admin.logentry", "pk": 31, "fields": {"action_time": "2023-02-01T07:05:17.526Z", "user": 1, "content_type": 8, "object_id": "13", "object_repr": "Woman's Burton Jacket", "action_flag": 2, "change_message": "[{\"changed\": {\"fields\": [\"Description\"]}}]"}}, {"model": "admin.logentry", "pk": 32, "fields": {"action_time": "2023-02-01T07:07:36.131Z", "user": 1, "content_type": 8, "object_id": "14", "object_repr": "Line 5-Finger Gloves", "action_flag": 1, "change_message": "[{\"added\": {}}]"}}, {"model": "admin.logentry", "pk": 33, "fields": {"action_time": "2023-02-01T07:07:45.955Z", "user": 1, "content_type": 8, "object_id": "10", "object_repr": "Black Backpack", "action_flag": 2, "change_message": "[{\"changed\": {\"fields\": [\"Quantity\"]}}]"}}, {"model": "admin.logentry", "pk": 34, "fields": {"action_time": "2023-02-01T07:08:55.796Z", "user": 1, "content_type": 11, "object_id": "1", "object_repr": "Lindsay", "action_flag": 1, "change_message": "[{\"added\": {}}]"}}, {"model": "admin.logentry", "pk": 35, "fields": {"action_time": "2023-02-01T07:10:02.641Z", "user": 1, "content_type": 11, "object_id": "2", "object_repr": "Jana", "action_flag": 1, "change_message": "[{\"added\": {}}]"}}, {"model": "admin.logentry", "pk": 36, "fields": {"action_time": "2023-02-01T07:11:12.716Z", "user": 1, "content_type": 11, "object_id": "3", "object_repr": "Scott", "action_flag": 1, "change_message": "[{\"added\": {}}]"}}, {"model": "admin.logentry", "pk": 37, "fields": {"action_time": "2023-02-04T21:24:19.921Z", "user": 1, "content_type": 9, "object_id": "1", "object_repr": "Salomon Sight Snowboard", "action_flag": 1, "change_message": "[{\"added\": {}}]"}}, {"model": "admin.logentry", "pk": 38, "fields": {"action_time": "2023-02-04T21:24:36.920Z", "user": 1, "content_type": 9, "object_id": "2", "object_repr": "Roxy Gordon Snowboard - Woman's", "action_flag": 1, "change_message": "[{\"added\": {}}]"}}, {"model": "admin.logentry", "pk": 39, "fields": {"action_time": "2023-02-04T21:24:48.359Z", "user": 1, "content_type": 9, "object_id": "3", "object_repr": "Anon Rodan Helmet", "action_flag": 1, "change_message": "[{\"added\": {}}]"}}, {"model": "admin.logentry", "pk": 40, "fields": {"action_time": "2023-02-04T21:25:02.203Z", "user": 1, "content_type": 10, "object_id": "3", "object_repr": "Helmets", "action_flag": 2, "change_message": "[{\"changed\": {\"fields\": [\"Category\"]}}]"}}, {"model": "admin.logentry", "pk": 41, "fields": {"action_time": "2023-02-04T21:25:06.322Z", "user": 1, "content_type": 10, "object_id": "6", "object_repr": "Pants", "action_flag": 2, "change_message": "[{\"changed\": {\"fields\": [\"Category\"]}}]"}}, {"model": "admin.logentry", "pk": 42, "fields": {"action_time": "2023-02-04T21:25:10.905Z", "user": 1, "content_type": 10, "object_id": "5", "object_repr": "Jackets", "action_flag": 2, "change_message": "[{\"changed\": {\"fields\": [\"Category\"]}}]"}}, {"model": "admin.logentry", "pk": 43, "fields": {"action_time": "2023-02-04T21:25:24.582Z", "user": 1, "content_type": 9, "object_id": "4", "object_repr": "Outseam Gloves", "action_flag": 1, "change_message": "[{\"added\": {}}]"}}, {"model": "admin.logentry", "pk": 44, "fields": {"action_time": "2023-02-04T21:25:32.889Z", "user": 1, "content_type": 9, "object_id": "5", "object_repr": "Standard Mid Snow Boots", "action_flag": 1, "change_message": "[{\"added\": {}}]"}}, {"model": "admin.logentry", "pk": 45, "fields": {"action_time": "2023-02-04T21:25:45.774Z", "user": 1, "content_type": 9, "object_id": "6", "object_repr": "Black Backpack", "action_flag": 1, "change_message": "[{\"added\": {}}]"}}, {"model": "admin.logentry", "pk": 46, "fields": {"action_time": "2023-02-04T21:25:53.785Z", "user": 1, "content_type": 9, "object_id": "7", "object_repr": "Multi Pants", "action_flag": 1, "change_message": "[{\"added\": {}}]"}}, {"model": "admin.logentry", "pk": 47, "fields": {"action_time": "2023-02-04T21:26:05.301Z", "user": 1, "content_type": 9, "object_id": "8", "object_repr": "Men's Snowboard Jacket", "action_flag": 1, "change_message": "[{\"added\": {}}]"}}, {"model": "admin.logentry", "pk": 48, "fields": {"action_time": "2023-02-04T21:26:14.563Z", "user": 1, "content_type": 9, "object_id": "9", "object_repr": "Standard Mid Snow Boots", "action_flag": 1, "change_message": "[{\"added\": {}}]"}}, {"model": "admin.logentry", "pk": 49, "fields": {"action_time": "2023-02-04T21:26:21.966Z", "user": 1, "content_type": 9, "object_id": "10", "object_repr": "Easy Rider Pants", "action_flag": 1, "change_message": "[{\"added\": {}}]"}}, {"model": "admin.logentry", "pk": 50, "fields": {"action_time": "2023-02-04T21:26:36.602Z", "user": 1, "content_type": 9, "object_id": "11", "object_repr": "Line 5-Finger Gloves", "action_flag": 1, "change_message": "[{\"added\": {}}]"}}, {"model": "admin.logentry", "pk": 51, "fields": {"action_time": "2023-02-04T21:26:44.223Z", "user": 1, "content_type": 9, "object_id": "12", "object_repr": "Woman's Burton Jacket", "action_flag": 1, "change_message": "[{\"added\": {}}]"}}, {"model": "admin.logentry", "pk": 52, "fields": {"action_time": "2023-02-04T21:26:51.717Z", "user": 1, "content_type": 9, "object_id": "13", "object_repr": "Blue Backpack", "action_flag": 1, "change_message": "[{\"added\": {}}]"}}, {"model": "admin.logentry", "pk": 53, "fields": {"action_time": "2023-02-04T21:27:09.136Z", "user": 1, "content_type": 9, "object_id": "14", "object_repr": "Wave Snowboard", "action_flag": 1, "change_message": "[{\"added\": {}}]"}}, {"model": "admin.logentry", "pk": 54, "fields": {"action_time": "2023-02-04T21:27:20.549Z", "user": 1, "content_type": 9, "object_id": "15", "object_repr": "Blue Backpack", "action_flag": 1, "change_message": "[{\"added\": {}}]"}}, {"model": "admin.logentry", "pk": 55, "fields": {"action_time": "2023-02-04T23:09:24.387Z", "user": 1, "content_type": 11, "object_id": "2", "object_repr": "Jana", "action_flag": 2, "change_message": "[{\"changed\": {\"fields\": [\"Review\"]}}]"}}, {"model": "admin.logentry", "pk": 56, "fields": {"action_time": "2023-02-08T05:24:13.899Z", "user": 1, "content_type": 8, "object_id": "15", "object_repr": "Blue Backpack", "action_flag": 1, "change_message": "[{\"added\": {}}]"}}, {"model": "admin.logentry", "pk": 57, "fields": {"action_time": "2023-02-08T05:24:29.434Z", "user": 1, "content_type": 8, "object_id": "15", "object_repr": "Blue Backpack", "action_flag": 2, "change_message": "[{\"changed\": {\"fields\": [\"Brand\"]}}]"}}, {"model": "admin.logentry", "pk": 58, "fields": {"action_time": "2023-02-11T07:14:04.828Z", "user": 1, "content_type": 11, "object_id": "4", "object_repr": "Anon Rodan Helmet", "action_flag": 1, "change_message": "[{\"added\": {}}]"}}, {"model": "admin.logentry", "pk": 59, "fields": {"action_time": "2023-02-11T07:15:20.994Z", "user": 1, "content_type": 8, "object_id": "16", "object_repr": "My Snowboard", "action_flag": 2, "change_message": "[{\"changed\": {\"fields\": [\"Title\", \"Description\"]}}]"}}, {"model": "admin.logentry", "pk": 60, "fields": {"action_time": "2023-02-11T20:31:15.693Z", "user": 1, "content_type": 4, "object_id": "2", "object_repr": "testcustomer", "action_flag": 1, "change_message": "[{\"added\": {}}]"}}, {"model": "admin.logentry", "pk": 61, "fields": {"action_time": "2023-02-11T20:35:01.497Z", "user": 1, "content_type": 4, "object_id": "3", "object_repr": "testuser", "action_flag": 1, "change_message": "[{\"added\": {}}]"}}, {"model": "admin.logentry", "pk": 62, "fields": {"action_time": "2023-02-11T20:35:30.755Z", "user": 1, "content_type": 4, "object_id": "3", "object_repr": "testuser", "action_flag": 2, "change_message": "[{\"changed\": {\"fields\": [\"First name\", \"Last name\", \"Email address\"]}}]"}}, {"model": "admin.logentry", "pk": 63, "fields": {"action_time": "2023-02-11T20:36:45.704Z", "user": 1, "content_type": 4, "object_id": "3", "object_repr": "testuser", "action_flag": 2, "change_message": "[{\"changed\": {\"fields\": [\"Staff status\"]}}]"}}, {"model": "admin.logentry", "pk": 64, "fields": {"action_time": "2023-02-11T20:40:44.678Z", "user": 1, "content_type": 4, "object_id": "2", "object_repr": "testcustomer", "action_flag": 2, "change_message": "[{\"changed\": {\"fields\": [\"Staff status\"]}}]"}}, {"model": "admin.logentry", "pk": 65, "fields": {"action_time": "2023-02-15T03:28:59.015Z", "user": 1, "content_type": 4, "object_id": "2", "object_repr": "testcustomer", "action_flag": 2, "change_message": "[{\"changed\": {\"fields\": [\"Superuser status\"]}}]"}}, {"model": "admin.logentry", "pk": 66, "fields": {"action_time": "2023-02-21T05:38:44.126Z", "user": 1, "content_type": 14, "object_id": "1", "object_repr": "tester", "action_flag": 1, "change_message": "[{\"added\": {}}]"}}, {"model": "admin.logentry", "pk": 67, "fields": {"action_time": "2023-02-21T05:39:24.494Z", "user": 1, "content_type": 15, "object_id": "1", "object_repr": "CustomerAddress object (1)", "action_flag": 1, "change_message": "[{\"added\": {}}]"}}, {"model": "admin.logentry", "pk": 68, "fields": {"action_time": "2023-02-21T05:39:31.999Z", "user": 1, "content_type": 12, "object_id": "1", "object_repr": "Order object (1)", "action_flag": 1, "change_message": "[{\"added\": {}}]"}}, {"model": "admin.logentry", "pk": 69, "fields": {"action_time": "2023-02-21T06:06:08.883Z", "user": 1, "content_type": 14, "object_id": "1", "object_repr": "tester", "action_flag": 2, "change_message": "[{\"changed\": {\"fields\": [\"First Name\"]}}]"}}, {"model": "admin.logentry", "pk": 70, "fields": {"action_time": "2023-02-21T06:10:47.272Z", "user": 1, "content_type": 13, "object_id": "1", "object_repr": "OrderProduct object (1)", "action_flag": 1, "change_message": "[{\"added\": {}}]"}}, {"model": "admin.logentry", "pk": 71, "fields": {"action_time": "2023-02-21T06:29:22.337Z", "user": 1, "content_type": 8, "object_id": "17", "object_repr": "Boots", "action_flag": 2, "change_message": "[{\"changed\": {\"fields\": [\"Title\", \"Price\", \"Old price\", \"Brand\", \"Description\"]}}]"}}, {"model": "admin.logentry", "pk": 72, "fields": {"action_time": "2023-02-21T06:30:05.683Z", "user": 1, "content_type": 11, "object_id": "5", "object_repr": "Salomon Sight Snowboard", "action_flag": 1, "change_message": "[{\"added\": {}}]"}}, {"model": "admin.logentry", "pk": 73, "fields": {"action_time": "2023-02-26T03:40:46.463Z", "user": 1, "content_type": 4, "object_id": "3", "object_repr": "testuser", "action_flag": 3, "change_message": ""}}, {"model": "admin.logentry", "pk": 74, "fields": {"action_time": "2023-02-26T03:42:18.510Z", "user": 1, "content_type": 4, "object_id": "2", "object_repr": "testcustomer", "action_flag": 2, "change_message": "[{\"changed\": {\"fields\": [\"First name\", \"Last name\", \"Email address\"]}}]"}}, {"model": "admin.logentry", "pk": 75, "fields": {"action_time": "2023-02-26T03:42:56.645Z", "user": 1, "content_type": 4, "object_id": "2", "object_repr": "testcustomer", "action_flag": 2, "change_message": "[{\"changed\": {\"fields\": [\"First name\", \"Last name\", \"Email address\"]}}]"}}, {"model": "admin.logentry", "pk": 76, "fields": {"action_time": "2023-02-26T03:43:44.249Z", "user": 1, "content_type": 4, "object_id": "4", "object_repr": "testuser", "action_flag": 1, "change_message": "[{\"added\": {}}]"}}, {"model": "admin.logentry", "pk": 77, "fields": {"action_time": "2023-02-26T03:44:06.073Z", "user": 1, "content_type": 4, "object_id": "4", "object_repr": "testuser", "action_flag": 2, "change_message": "[{\"changed\": {\"fields\": [\"First name\", \"Last name\", \"Email address\", \"Staff status\", \"Superuser status\"]}}]"}}, {"model": "admin.logentry", "pk": 78, "fields": {"action_time": "2023-02-26T03:44:23.279Z", "user": 1, "content_type": 14, "object_id": "1", "object_repr": "tester", "action_flag": 2, "change_message": "[{\"changed\": {\"fields\": [\"User\"]}}]"}}, {"model": "admin.logentry", "pk": 79, "fields": {"action_time": "2023-02-26T03:44:34.437Z", "user": 1, "content_type": 4, "object_id": "2", "object_repr": "testcustomer", "action_flag": 3, "change_message": ""}}, {"model": "admin.logentry", "pk": 80, "fields": {"action_time": "2023-02-26T03:52:22.844Z", "user": 1, "content_type": 4, "object_id": "4", "object_repr": "testuser", "action_flag": 2, "change_message": "[{\"changed\": {\"fields\": [\"First name\"]}}]"}}, {"model": "admin.logentry", "pk": 81, "fields": {"action_time": "2023-02-26T03:52:54.082Z", "user": 1, "content_type": 14, "object_id": "1", "object_repr": "tester", "action_flag": 2, "change_message": "[{\"changed\": {\"fields\": [\"First Name\"]}}]"}}, {"model": "admin.logentry", "pk": 82, "fields": {"action_time": "2023-03-05T23:37:29.002Z", "user": 1, "content_type": 12, "object_id": "1", "object_repr": "Order object (1)", "action_flag": 2, "change_message": "[{\"changed\": {\"fields\": [\"Is Ordered\"]}}]"}}, {"model": "admin.logentry", "pk": 83, "fields": {"action_time": "2023-03-06T00:21:43.480Z", "user": 1, "content_type": 8, "object_id": "1", "object_repr": "Salomon Sight Snowboard", "action_flag": 2, "change_message": "[{\"changed\": {\"fields\": [\"Quantity\"]}}]"}}, {"model": "admin.logentry", "pk": 84, "fields": {"action_time": "2023-03-06T00:21:54.911Z", "user": 1, "content_type": 8, "object_id": "2", "object_repr": "Roxy Gordon Snowboard - Woman's", "action_flag": 2, "change_message": "[{\"changed\": {\"fields\": [\"Quantity\"]}}]"}}, {"model": "admin.logentry", "pk": 85, "fields": {"action_time": "2023-03-06T02:07:23.033Z", "user": 1, "content_type": 12, "object_id": "7", "object_repr": "Order object (7)", "action_flag": 2, "change_message": "[{\"changed\": {\"fields\": [\"Is Ordered\"]}}]"}}, {"model": "admin.logentry", "pk": 86, "fields": {"action_time": "2023-03-06T02:08:57.431Z", "user": 1, "content_type": 12, "object_id": "7", "object_repr": "Order object (7)", "action_flag": 2, "change_message": "[{\"changed\": {\"fields\": [\"Is Ordered\"]}}]"}}, {"model": "admin.logentry", "pk": 87, "fields": {"action_time": "2023-03-06T02:09:19.716Z", "user": 1, "content_type": 12, "object_id": "1", "object_repr": "Order object (1)", "action_flag": 2, "change_message": "[{\"changed\": {\"fields\": [\"Is Ordered\"]}}]"}}, {"model": "admin.logentry", "pk": 88, "fields": {"action_time": "2023-03-06T02:09:39.810Z", "user": 1, "content_type": 12, "object_id": "7", "object_repr": "Order object (7)", "action_flag": 2, "change_message": "[{\"changed\": {\"fields\": [\"Customer\", \"Customer shipping address\", \"Is Ordered\"]}}]"}}, {"model": "admin.logentry", "pk": 89, "fields": {"action_time": "2023-04-06T04:49:31.335Z", "user": 1, "content_type": 4, "object_id": "9", "object_repr": "testuser5", "action_flag": 3, "change_message": ""}}, {"model": "auth.permission", "pk": 1, "fields": {"name": "Can add log entry", "content_type": 1, "codename": "add_logentry"}}, {"model": "auth.permission", "pk": 2, "fields": {"name": "Can change log entry", "content_type": 1, "codename": "change_logentry"}}, {"model": "auth.permission", "pk": 3, "fields": {"name": "Can delete log entry", "content_type": 1, "codename": "delete_logentry"}}, {"model": "auth.permission", "pk": 4, "fields": {"name": "Can view log entry", "content_type": 1, "codename": "view_logentry"}}, {"model": "auth.permission", "pk": 5, "fields": {"name": "Can add permission", "content_type": 2, "codename": "add_permission"}}, {"model": "auth.permission", "pk": 6, "fields": {"name": "Can change permission", "content_type": 2, "codename": "change_permission"}}, {"model": "auth.permission", "pk": 7, "fields": {"name": "Can delete permission", "content_type": 2, "codename": "delete_permission"}}, {"model": "auth.permission", "pk": 8, "fields": {"name": "Can view permission", "content_type": 2, "codename": "view_permission"}}, {"model": "auth.permission", "pk": 9, "fields": {"name": "Can add group", "content_type": 3, "codename": "add_group"}}, {"model": "auth.permission", "pk": 10, "fields": {"name": "Can change group", "content_type": 3, "codename": "change_group"}}, {"model": "auth.permission", "pk": 11, "fields": {"name": "Can delete group", "content_type": 3, "codename": "delete_group"}}, {"model": "auth.permission", "pk": 12, "fields": {"name": "Can view group", "content_type": 3, "codename": "view_group"}}, {"model": "auth.permission", "pk": 13, "fields": {"name": "Can add user", "content_type": 4, "codename": "add_user"}}, {"model": "auth.permission", "pk": 14, "fields": {"name": "Can change user", "content_type": 4, "codename": "change_user"}}, {"model": "auth.permission", "pk": 15, "fields": {"name": "Can delete user", "content_type": 4, "codename": "delete_user"}}, {"model": "auth.permission", "pk": 16, "fields": {"name": "Can view user", "content_type": 4, "codename": "view_user"}}, {"model": "auth.permission", "pk": 17, "fields": {"name": "Can add content type", "content_type": 5, "codename": "add_contenttype"}}, {"model": "auth.permission", "pk": 18, "fields": {"name": "Can change content type", "content_type": 5, "codename": "change_contenttype"}}, {"model": "auth.permission", "pk": 19, "fields": {"name": "Can delete content type", "content_type": 5, "codename": "delete_contenttype"}}, {"model": "auth.permission", "pk": 20, "fields": {"name": "Can view content type", "content_type": 5, "codename": "view_contenttype"}}, {"model": "auth.permission", "pk": 21, "fields": {"name": "Can add session", "content_type": 6, "codename": "add_session"}}, {"model": "auth.permission", "pk": 22, "fields": {"name": "Can change session", "content_type": 6, "codename": "change_session"}}, {"model": "auth.permission", "pk": 23, "fields": {"name": "Can delete session", "content_type": 6, "codename": "delete_session"}}, {"model": "auth.permission", "pk": 24, "fields": {"name": "Can view session", "content_type": 6, "codename": "view_session"}}, {"model": "auth.permission", "pk": 25, "fields": {"name": "Can add Brand", "content_type": 7, "codename": "add_brand"}}, {"model": "auth.permission", "pk": 26, "fields": {"name": "Can change Brand", "content_type": 7, "codename": "change_brand"}}, {"model": "auth.permission", "pk": 27, "fields": {"name": "Can delete Brand", "content_type": 7, "codename": "delete_brand"}}, {"model": "auth.permission", "pk": 28, "fields": {"name": "Can view Brand", "content_type": 7, "codename": "view_brand"}}, {"model": "auth.permission", "pk": 29, "fields": {"name": "Can add Product", "content_type": 8, "codename": "add_product"}}, {"model": "auth.permission", "pk": 30, "fields": {"name": "Can change Product", "content_type": 8, "codename": "change_product"}}, {"model": "auth.permission", "pk": 31, "fields": {"name": "Can delete Product", "content_type": 8, "codename": "delete_product"}}, {"model": "auth.permission", "pk": 32, "fields": {"name": "Can view Product", "content_type": 8, "codename": "view_product"}}, {"model": "auth.permission", "pk": 33, "fields": {"name": "Can add Product Category", "content_type": 9, "codename": "add_productcategory"}}, {"model": "auth.permission", "pk": 34, "fields": {"name": "Can change Product Category", "content_type": 9, "codename": "change_productcategory"}}, {"model": "auth.permission", "pk": 35, "fields": {"name": "Can delete Product Category", "content_type": 9, "codename": "delete_productcategory"}}, {"model": "auth.permission", "pk": 36, "fields": {"name": "Can view Product Category", "content_type": 9, "codename": "view_productcategory"}}, {"model": "auth.permission", "pk": 37, "fields": {"name": "Can add Category", "content_type": 10, "codename": "add_category"}}, {"model": "auth.permission", "pk": 38, "fields": {"name": "Can change Category", "content_type": 10, "codename": "change_category"}}, {"model": "auth.permission", "pk": 39, "fields": {"name": "Can delete Category", "content_type": 10, "codename": "delete_category"}}, {"model": "auth.permission", "pk": 40, "fields": {"name": "Can view Category", "content_type": 10, "codename": "view_category"}}, {"model": "auth.permission", "pk": 41, "fields": {"name": "Can add Product review", "content_type": 11, "codename": "add_productreview"}}, {"model": "auth.permission", "pk": 42, "fields": {"name": "Can change Product review", "content_type": 11, "codename": "change_productreview"}}, {"model": "auth.permission", "pk": 43, "fields": {"name": "Can delete Product review", "content_type": 11, "codename": "delete_productreview"}}, {"model": "auth.permission", "pk": 44, "fields": {"name": "Can view Product review", "content_type": 11, "codename": "view_productreview"}}, {"model": "auth.permission", "pk": 45, "fields": {"name": "Can add Order", "content_type": 12, "codename": "add_order"}}, {"model": "auth.permission", "pk": 46, "fields": {"name": "Can change Order", "content_type": 12, "codename": "change_order"}}, {"model": "auth.permission", "pk": 47, "fields": {"name": "Can delete Order", "content_type": 12, "codename": "delete_order"}}, {"model": "auth.permission", "pk": 48, "fields": {"name": "Can view Order", "content_type": 12, "codename": "view_order"}}, {"model": "auth.permission", "pk": 49, "fields": {"name": "Can add Order Product", "content_type": 13, "codename": "add_orderproduct"}}, {"model": "auth.permission", "pk": 50, "fields": {"name": "Can change Order Product", "content_type": 13, "codename": "change_orderproduct"}}, {"model": "auth.permission", "pk": 51, "fields": {"name": "Can delete Order Product", "content_type": 13, "codename": "delete_orderproduct"}}, {"model": "auth.permission", "pk": 52, "fields": {"name": "Can view Order Product", "content_type": 13, "codename": "view_orderproduct"}}, {"model": "auth.permission", "pk": 53, "fields": {"name": "Can add Customer", "content_type": 14, "codename": "add_customer"}}, {"model": "auth.permission", "pk": 54, "fields": {"name": "Can change Customer", "content_type": 14, "codename": "change_customer"}}, {"model": "auth.permission", "pk": 55, "fields": {"name": "Can delete Customer", "content_type": 14, "codename": "delete_customer"}}, {"model": "auth.permission", "pk": 56, "fields": {"name": "Can view Customer", "content_type": 14, "codename": "view_customer"}}, {"model": "auth.permission", "pk": 57, "fields": {"name": "Can add Customer Address", "content_type": 15, "codename": "add_customeraddress"}}, {"model": "auth.permission", "pk": 58, "fields": {"name": "Can change Customer Address", "content_type": 15, "codename": "change_customeraddress"}}, {"model": "auth.permission", "pk": 59, "fields": {"name": "Can delete Customer Address", "content_type": 15, "codename": "delete_customeraddress"}}, {"model": "auth.permission", "pk": 60, "fields": {"name": "Can view Customer Address", "content_type": 15, "codename": "view_customeraddress"}}, {"model": "auth.user", "pk": 1, "fields": {"password": "pbkdf2_sha256$600000$KHqbG9JBMeDh3sLmzudfqC$aIn4klqr/kMQqX//LxDKsXcU9XVIqnme5ROOFyjerSY=", "last_login": "2023-04-06T04:47:56.094Z", "is_superuser": true, "username": "admin", "first_name": "", "last_name": "", "email": "admin@gmail.com", "is_staff": true, "is_active": true, "date_joined": "2023-02-01T05:24:22.160Z", "groups": [], "user_permissions": []}}, {"model": "auth.user", "pk": 4, "fields": {"password": "pbkdf2_sha256$600000$LPocRusZzByShM6rkKSk8m$7Xg6h1PpT+DGwwbRYW8lo7JuDnK0PpxbJJLb6dGtvYw=", "last_login": "2023-03-04T23:06:55.987Z", "is_superuser": true, "username": "testuser", "first_name": "first", "last_name": "tester", "email": "testtestoff940@mailinator.com", "is_staff": true, "is_active": true, "date_joined": "2023-02-26T03:43:43Z", "groups": [], "user_permissions": []}}, {"model": "auth.user", "pk": 5, "fields": {"password": "pbkdf2_sha256$390000$6VBDq5Wys5X0z3Doo6JAdr$IA2Gq4SmA967n6YeIM/AqNq1ZDOoqSdoF+3u1z0gBQA=", "last_login": null, "is_superuser": false, "username": "testuser1", "first_name": "Ivan", "last_name": "Ivanov", "email": "Ivanov@gmail.com", "is_staff": false, "is_active": true, "date_joined": "2023-03-06T00:05:07.128Z", "groups": [], "user_permissions": []}}, {"model": "auth.user", "pk": 6, "fields": {"password": "pbkdf2_sha256$390000$9IOGzSiqyBkNBlBpZ9LWWZ$UfPedzKhBd39Vqs6H2Zt6dW0snuLdArRGPy+CQKA6HI=", "last_login": null, "is_superuser": false, "username": "testuser2", "first_name": "Victor", "last_name": "Victorov", "email": "Voctorov@gmail.com", "is_staff": false, "is_active": true, "date_joined": "2023-03-06T00:27:22.371Z", "groups": [], "user_permissions": []}}, {"model": "auth.user", "pk": 7, "fields": {"password": "pbkdf2_sha256$390000$egtIhicFdXtOk1joSbzjeC$LYWkJ5/Qu0BpYB0pKI1XjuQOufBzpnTlOYXr1Dpfugg=", "last_login": null, "is_superuser": false, "username": "testuser3", "first_name": "Ivan", "last_name": "Sidorov", "email": "Sidorov@gmail.com", "is_staff": false, "is_active": true, "date_joined": "2023-03-06T02:37:18.813Z", "groups": [], "user_permissions": []}}, {"model": "auth.user", "pk": 8, "fields": {"password": "pbkdf2_sha256$390000$sPPz9jNjZKHv2F0LkywdHQ$r7rq3SsrZyq4v1SqPQEYF48q/o/31hk+QJtD4fKlO9k=", "last_login": null, "is_superuser": false, "username": "testuser4", "first_name": "Ivan", "last_name": "Sidorov", "email": "Sidorov@gmail.com", "is_staff": false, "is_active": true, "date_joined": "2023-03-06T04:14:52.225Z", "groups": [], "user_permissions": []}}, {"model": "contenttypes.contenttype", "pk": 1, "fields": {"app_label": "admin", "model": "logentry"}}, {"model": "contenttypes.contenttype", "pk": 2, "fields": {"app_label": "auth", "model": "permission"}}, {"model": "contenttypes.contenttype", "pk": 3, "fields": {"app_label": "auth", "model": "group"}}, {"model": "contenttypes.contenttype", "pk": 4, "fields": {"app_label": "auth", "model": "user"}}, {"model": "contenttypes.contenttype", "pk": 5, "fields": {"app_label": "contenttypes", "model": "contenttype"}}, {"model": "contenttypes.contenttype", "pk": 6, "fields": {"app_label": "sessions", "model": "session"}}, {"model": "contenttypes.contenttype", "pk": 7, "fields": {"app_label": "products", "model": "brand"}}, {"model": "contenttypes.contenttype", "pk": 8, "fields": {"app_label": "products", "model": "product"}}, {"model": "contenttypes.contenttype", "pk": 9, "fields": {"app_label": "products", "model": "productcategory"}}, {"model": "contenttypes.contenttype", "pk": 10, "fields": {"app_label": "products", "model": "category"}}, {"model": "contenttypes.contenttype", "pk": 11, "fields": {"app_label": "products", "model": "productreview"}}, {"model": "contenttypes.contenttype", "pk": 12, "fields": {"app_label": "orders", "model": "order"}}, {"model": "contenttypes.contenttype", "pk": 13, "fields": {"app_label": "orders", "model": "orderproduct"}}, {"model": "contenttypes.contenttype", "pk": 14, "fields": {"app_label": "customers", "model": "customer"}}, {"model": "contenttypes.contenttype", "pk": 15, "fields": {"app_label": "customers", "model": "customeraddress"}}, {"model": "sessions.session", "pk": "4gmf4c5jfxyom3jhhedfrjkcwdfbo9xu", "fields": {"session_data": ".eJxVjMEOwiAQRP-FsyGwdJF69N5vILuwStXQpLQn47_bJj3oZQ7z3sxbRVqXEtcmcxyzuiirTr8dU3pK3UF-UL1POk11mUfWu6IP2vQwZXldD_fvoFAr2zrkcCNju8A9WIs-CJyNS8RgjQAjODGuRwNoAYEkefToiL0n6LZUny-3QTaR:1pkHXQ:f6pa60LC3PGg2jl04Jsj295EzV3i_muExxDyOU8EgMc", "expire_date": "2023-04-20T04:47:56.140Z"}}, {"model": "sessions.session", "pk": "9maqnkj6g09r5xjevkajwd2hjwl4bxyu", "fields": {"session_data": ".eJxVjEEOwiAQRe_C2hAHKEWX7nsGMgyDVA0kpV0Z7y5NutDt--_9t_C4rdlvjRc_R3EVIE6_LCA9uexDfGC5V0m1rMsc5K7IY21yqpFft8P9O8jYcq8tmOSYDIEC7ezIylAMcAmDShwHiw7QcmCFganTEVKy6pwo9UxrFJ8v87Q48Q:1pN5fK:8vT6m0H-F-ris6gWBZufH4-0dzTHq4ASGYKWcfpc94g", "expire_date": "2023-02-15T05:28:14.967Z"}}, {"model": "sessions.session", "pk": "cu2s4bfrk1v4mk9rukzeb5qurtb4ykbf", "fields": {"session_data": ".eJxVjEEOwiAQRe_C2hAHKEWX7nsGMgyDVA0kpV0Z7y5NutDt--_9t_C4rdlvjRc_R3EVIE6_LCA9uexDfGC5V0m1rMsc5K7IY21yqpFft8P9O8jYcq8tmOSYDIEC7ezIylAMcAmDShwHiw7QcmCFganTEVKy6pwo9UxrFJ8v87Q48Q:1pSAUs:qfuukzcMo_vFWZHoZ1ufFWvjYdKYoKOgygT9qqa3kW0", "expire_date": "2023-03-01T05:38:26.891Z"}}, {"model": "sessions.session", "pk": "d4bjgqsq8oh7j0gj75b1092xm6v5krew", "fields": {"session_data": ".eJxVjMsOwiAQRf-FtSGFUh4u3fsNZAZmpGogKe3K-O_apAvd3nPOfYkI21ri1mmJcxZnYcTpd0NID6o7yHeotyZTq-syo9wVedAury3T83K4fwcFevnWjIwaQvCgyA6Og9LJICvjtCatIAOjVSbhFCyNw8ScnFd5JBuyTj6I9wf_Zzht:1pYaxs:kbCqr3gsftAp3fHFEf8adRMex5DDtiSBzjzxkiIFtkg", "expire_date": "2023-03-18T23:06:56.154Z"}}, {"model": "sessions.session", "pk": "whg9yyskapv0vqbriy6px7y7jkb1ea5u", "fields": {"session_data": ".eJxVjEEOwiAQRe_C2hAHKEWX7nsGMgyDVA0kpV0Z7y5NutDt--_9t_C4rdlvjRc_R3EVIE6_LCA9uexDfGC5V0m1rMsc5K7IY21yqpFft8P9O8jYcq8tmOSYDIEC7ezIylAMcAmDShwHiw7QcmCFganTEVKy6pwo9UxrFJ8v87Q48Q:1pYgBP:0QM7CjGoG8QL5QP8PBaVHweJZbSSluc45g58e1HXxq0", "expire_date": "2023-03-19T04:41:15.491Z"}}, {"model": "products.product", "pk": 1, "fields": {"title": "Salomon Sight Snowboard", "price": "279.00", "old_price": "350.00", "brand": 4, "photo": "", "quantity": 4, "description": "Salomon Sight will get you from the ridgelines on top to the groomers below. The Cross Profile Camber is made for stability while charging and the rocker at the tip and tail add a bit of float in the deep."}}, {"model": "products.product", "pk": 2, "fields": {"title": "Roxy Gordon Snowboard - Woman's", "price": "350.00", "old_price": "400.00", "brand": 1, "photo": "", "quantity": 2, "description": "The Roxy Gordon Snowboard is custom-made for riders progressing from zero to shred. \r\nBase color displayed may not be available. Base colors may vary."}}, {"model": "products.product", "pk": 3, "fields": {"title": "Anon Rodan Helmet", "price": "120.00", "old_price": "160.00", "brand": 5, "photo": "", "quantity": 8, "description": "Helmet has a clean, minimalist design that can get even simpler with removable ear pads and goggle retainer. The built-in passive ventilation makes sure your cranium stays cool."}}, {"model": "products.product", "pk": 4, "fields": {"title": "Outseam Gloves", "price": "99.00", "old_price": "125.00", "brand": 3, "photo": "", "quantity": 10, "description": "Engineered with articulated EVA padding along the back of hand and fingers for protection."}}, {"model": "products.product", "pk": 5, "fields": {"title": "Vans Standard Boots", "price": "130.00", "old_price": "180.00", "brand": 4, "photo": "", "quantity": 1, "description": "Meet the new standard of a modern winter boot. You get traction, warmth, and waterproofing in a package that's dripping with classic Vans style."}}, {"model": "products.product", "pk": 6, "fields": {"title": "Standard Mid Snow Boots", "price": "130.00", "old_price": "155.00", "brand": 4, "photo": "", "quantity": 1, "description": "A downsized version of the best-selling Standard snow boot, the Mid Boots have waterproof seam-sealed construction, a super durable Standard Snow outsole. and enough insulation to keep your toes toasty."}}, {"model": "products.product", "pk": 7, "fields": {"title": "Multi Pants", "price": "85.00", "old_price": "100.00", "brand": 2, "photo": "", "quantity": 1, "description": "Pants are a go-anywhere, do-anything pant for the dude who can't seem to sit still."}}, {"model": "products.product", "pk": 8, "fields": {"title": "Easy Rider Pants", "price": "110.00", "old_price": "155.00", "brand": 5, "photo": "", "quantity": 8, "description": "Pants aren't trying to reinvent the wheel. They're just darn good snow pants. They're durable, waterproof, breathable, and warm."}}, {"model": "products.product", "pk": 9, "fields": {"title": "Wave Snowboard", "price": "450.00", "old_price": "500.00", "brand": 3, "photo": "", "quantity": 1, "description": "The short, volume-shifted shape whips around obstacles with ease uplifted sidebases and narrow centerbase make edge-to-edge transitions even easier."}}, {"model": "products.product", "pk": 10, "fields": {"title": "Black Backpack", "price": "65.00", "old_price": "95.00", "brand": 5, "photo": "", "quantity": 2, "description": "With just enough room for your avy essentials, backup goggles, snacks and water."}}, {"model": "products.product", "pk": 11, "fields": {"title": "Blue Backpack", "price": "65.00", "old_price": "85.00", "brand": 1, "photo": "", "quantity": 3, "description": "Backpack lets you pack what you need without sacrificing speed and comfort."}}, {"model": "products.product", "pk": 12, "fields": {"title": "Men's Snowboard Jacket", "price": "70.00", "old_price": "85.00", "brand": 1, "photo": "", "quantity": 2, "description": "Jacket has fashion-forward flair, light insulation, and breathable-waterproof prowess that looks good and keeps you warm walking to the bar or sliding off the flat box."}}, {"model": "products.product", "pk": 13, "fields": {"title": "Woman's Burton Jacket", "price": "95.00", "old_price": "125.00", "brand": 2, "photo": "", "quantity": 5, "description": "With Jacket, you'll be warm and ready to go when the snow is extra slidey."}}, {"model": "products.product", "pk": 14, "fields": {"title": "Line 5-Finger Gloves", "price": "78.00", "old_price": "98.00", "brand": 3, "photo": "", "quantity": 3, "description": "Full-impregnated cowhide outers, foam + G-Loft insulation, a removable liner, and neoprene cuffs to seal the deal, the Fall Line 5-Finger Gloves are raising the bar on what to expect from ski/snowboard gloves."}}, {"model": "products.product", "pk": 15, "fields": {"title": "Blue Backpack", "price": "65.00", "old_price": "85.00", "brand": 1, "photo": "", "quantity": 2, "description": "Backpack lets you pack what you need without sacrificing speed and comfort."}}, {"model": "products.product", "pk": 16, "fields": {"title": "My Snowboard", "price": "100.00", "old_price": "110.00", "brand": 4, "photo": "", "quantity": 1, "description": "my nice Snowboard"}}, {"model": "products.product", "pk": 25, "fields": {"title": "Gordon Snowboard", "price": "400.00", "old_price": "500.00", "brand": null, "photo": "", "quantity": 3, "description": "Updated Gordon Snowboard."}}, {"model": "products.brand", "pk": 1, "fields": {"title": "Gordon"}}, {"model": "products.brand", "pk": 2, "fields": {"title": "Burton"}}, {"model": "products.brand", "pk": 3, "fields": {"title": "Ride"}}, {"model": "products.brand", "pk": 4, "fields": {"title": "Salomon"}}, {"model": "products.brand", "pk": 5, "fields": {"title": "Rodan"}}, {"model": "products.category", "pk": 1, "fields": {"title": "Snowboards", "is_active": true}}, {"model": "products.category", "pk": 2, "fields": {"title": "Boots", "is_active": true}}, {"model": "products.category", "pk": 3, "fields": {"title": "Helmets", "is_active": true}}, {"model": "products.category", "pk": 4, "fields": {"title": "Gloves", "is_active": true}}, {"model": "products.category", "pk": 5, "fields": {"title": "Jackets", "is_active": false}}, {"model": "products.category", "pk": 6, "fields": {"title": "Pants", "is_active": true}}, {"model": "products.category", "pk": 7, "fields": {"title": "Backpacks", "is_active": true}}, {"model": "products.productcategory", "pk": 1, "fields": {"product": 1, "category": 1}}, {"model": "products.productcategory", "pk": 2, "fields": {"product": 2, "category": 1}}, {"model": "products.productcategory", "pk": 3, "fields": {"product": 3, "category": 3}}, {"model": "products.productcategory", "pk": 4, "fields": {"product": 4, "category": 4}}, {"model": "products.productcategory", "pk": 5, "fields": {"product": 6, "category": 2}}, {"model": "products.productcategory", "pk": 6, "fields": {"product": 10, "category": 7}}, {"model": "products.productcategory", "pk": 7, "fields": {"product": 7, "category": 6}}, {"model": "products.productcategory", "pk": 8, "fields": {"product": 12, "category": 5}}, {"model": "products.productcategory", "pk": 9, "fields": {"product": 6, "category": 2}}, {"model": "products.productcategory", "pk": 10, "fields": {"product": 8, "category": 6}}, {"model": "products.productcategory", "pk": 11, "fields": {"product": 14, "category": 4}}, {"model": "products.productcategory", "pk": 12, "fields": {"product": 13, "category": 5}}, {"model": "products.productcategory", "pk": 13, "fields": {"product": 11, "category": 7}}, {"model": "products.productcategory", "pk": 14, "fields": {"product": 9, "category": 1}}, {"model": "products.productcategory", "pk": 15, "fields": {"product": 11, "category": 7}}, {"model": "products.productreview", "pk": 1, "fields": {"review": "Super high quality and they come with a small tube of the leather care", "fullname": "Lindsay", "product": 14}}, {"model": "products.productreview", "pk": 2, "fields": {"review": "There is a lot of tech and features you'd expect on a higher end board at an entry level price point in the Venus.", "fullname": "Jana", "product": 9}}, {"model": "products.productreview", "pk": 3, "fields": {"review": "Great helmet overall. Very lightweight & low profile", "fullname": "Scott", "product": 3}}, {"model": "products.productreview", "pk": 4, "fields": {"review": "nice", "fullname": "Sarrah", "product": 3}}, {"model": "products.productreview", "pk": 5, "fields": {"review": "review for the best item with", "fullname": "cool", "product": 1}}, {"model": "orders.order", "pk": 1, "fields": {"customer": 1, "customer_shipping_address": 1, "time_created": "2023-02-21T05:39:31.978Z", "time_checkout": "2023-02-21T05:39:31.978Z", "time_delivery": "2023-02-21T05:39:31.978Z", "is_ordered": true}}, {"model": "orders.order", "pk": 2, "fields": {"customer": 2, "customer_shipping_address": null, "time_created": "2023-03-05T03:59:46.159Z", "time_checkout": "2023-03-05T03:59:46.159Z", "time_delivery": "2023-03-05T03:59:46.159Z", "is_ordered": false}}, {"model": "orders.order", "pk": 3, "fields": {"customer": 3, "customer_shipping_address": null, "time_created": "2023-03-05T20:38:57.884Z", "time_checkout": "2023-03-05T20:38:57.884Z", "time_delivery": "2023-03-05T20:38:57.884Z", "is_ordered": false}}, {"model": "orders.order", "pk": 4, "fields": {"customer": 5, "customer_shipping_address": null, "time_created": "2023-03-05T21:33:34.172Z", "time_checkout": "2023-03-05T21:33:34.172Z", "time_delivery": "2023-03-05T21:33:34.172Z", "is_ordered": false}}, {"model": "orders.order", "pk": 5, "fields": {"customer": 6, "customer_shipping_address": null, "time_created": "2023-03-05T23:38:00.697Z", "time_checkout": "2023-03-05T23:38:00.697Z", "time_delivery": "2023-03-05T23:38:00.697Z", "is_ordered": false}}, {"model": "orders.order", "pk": 6, "fields": {"customer": 7, "customer_shipping_address": null, "time_created": "2023-03-06T00:23:34.132Z", "time_checkout": "2023-03-06T00:23:34.132Z", "time_delivery": "2023-03-06T00:23:34.132Z", "is_ordered": false}}, {"model": "orders.order", "pk": 7, "fields": {"customer": 7, "customer_shipping_address": 1, "time_created": "2023-03-06T01:25:11.031Z", "time_checkout": "2023-03-06T01:25:11.031Z", "time_delivery": "2023-03-06T01:25:11.031Z", "is_ordered": true}}, {"model": "orders.order", "pk": 8, "fields": {"customer": 11, "customer_shipping_address": null, "time_created": "2023-03-06T04:15:49.750Z", "time_checkout": "2023-03-06T04:15:49.750Z", "time_delivery": "2023-03-06T04:15:49.750Z", "is_ordered": false}}, {"model": "orders.order", "pk": 9, "fields": {"customer": 13, "customer_shipping_address": 3, "time_created": "2023-03-07T05:49:38.735Z", "time_checkout": "2023-03-07T20:19:31.362Z", "time_delivery": "2023-03-07T05:49:38.736Z", "is_ordered": true}}, {"model": "orders.order", "pk": 10, "fields": {"customer": 14, "customer_shipping_address": 2, "time_created": "2023-03-07T07:19:14.742Z", "time_checkout": "2023-03-06T23:26:10.269Z", "time_delivery": "2023-03-07T07:19:14.742Z", "is_ordered": true}}, {"model": "orders.order", "pk": 11, "fields": {"customer": 14, "customer_shipping_address": 2, "time_created": "2023-03-07T07:38:41.995Z", "time_checkout": "2023-03-06T23:38:56.868Z", "time_delivery": "2023-03-07T07:38:41.995Z", "is_ordered": true}}, {"model": "orders.order", "pk": 12, "fields": {"customer": 14, "customer_shipping_address": 2, "time_created": "2023-03-07T07:40:21.148Z", "time_checkout": "2023-03-06T23:40:31.000Z", "time_delivery": "2023-03-07T07:40:21.148Z", "is_ordered": true}}, {"model": "orders.order", "pk": 13, "fields": {"customer": 14, "customer_shipping_address": 2, "time_created": "2023-03-07T07:53:00.554Z", "time_checkout": "2023-03-06T23:53:04.545Z", "time_delivery": "2023-03-07T07:53:00.554Z", "is_ordered": true}}, {"model": "orders.order", "pk": 14, "fields": {"customer": 16, "customer_shipping_address": null, "time_created": "2023-03-08T04:14:34.671Z", "time_checkout": "2023-03-08T04:14:34.671Z", "time_delivery": "2023-03-08T04:14:34.671Z", "is_ordered": false}}, {"model": "orders.order", "pk": 15, "fields": {"customer": 17, "customer_shipping_address": null, "time_created": "2023-03-09T01:23:04.283Z", "time_checkout": "2023-03-09T01:23:04.284Z", "time_delivery": "2023-03-09T01:23:04.284Z", "is_ordered": false}}, {"model": "orders.order", "pk": 16, "fields": {"customer": 18, "customer_shipping_address": null, "time_created": "2023-03-09T03:57:21.054Z", "time_checkout": "2023-03-09T03:57:21.054Z", "time_delivery": "2023-03-09T03:57:21.054Z", "is_ordered": false}}, {"model": "orders.order", "pk": 17, "fields": {"customer": 19, "customer_shipping_address": 4, "time_created": "2023-03-10T00:38:40.282Z", "time_checkout": "2023-03-10T00:39:59.101Z", "time_delivery": "2023-03-10T00:38:40.282Z", "is_ordered": true}}, {"model": "orders.orderproduct", "pk": 1, "fields": {"product": 1, "order": 1, "price": "279.00", "quantity": 1}}, {"model": "orders.orderproduct", "pk": 2, "fields": {"product": 1, "order": 2, "price": "279.00", "quantity": 1}}, {"model": "orders.orderproduct", "pk": 3, "fields": {"product": 1, "order": 3, "price": "279.00", "quantity": 1}}, {"model": "orders.orderproduct", "pk": 4, "fields": {"product": 1, "order": 4, "price": "279.00", "quantity": 1}}, {"model": "orders.orderproduct", "pk": 5, "fields": {"product": 2, "order": 5, "price": "350.00", "quantity": 1}}, {"model": "orders.orderproduct", "pk": 6, "fields": {"product": 1, "order": 6, "price": "279.00", "quantity": 1}}, {"model": "orders.orderproduct", "pk": 7, "fields": {"product": 1, "order": 7, "price": "279.00", "quantity": 1}}, {"model": "orders.orderproduct", "pk": 8, "fields": {"product": 1, "order": 8, "price": "279.00", "quantity": 1}}, {"model": "orders.orderproduct", "pk": 9, "fields": {"product": 1, "order": 9, "price": "279.00", "quantity": 1}}, {"model": "orders.orderproduct", "pk": 10, "fields": {"product": 1, "order": 10, "price": "279.00", "quantity": 1}}, {"model": "orders.orderproduct", "pk": 11, "fields": {"product": 1, "order": 11, "price": "279.00", "quantity": 1}}, {"model": "orders.orderproduct", "pk": 12, "fields": {"product": 1, "order": 12, "price": "279.00", "quantity": 1}}, {"model": "orders.orderproduct", "pk": 13, "fields": {"product": 1, "order": 13, "price": "279.00", "quantity": 1}}, {"model": "orders.orderproduct", "pk": 14, "fields": {"product": 1, "order": 14, "price": "279.00", "quantity": 1}}, {"model": "orders.orderproduct", "pk": 15, "fields": {"product": 1, "order": 15, "price": "279.00", "quantity": 1}}, {"model": "orders.orderproduct", "pk": 16, "fields": {"product": 1, "order": 16, "price": "279.00", "quantity": 1}}, {"model": "orders.orderproduct", "pk": 17, "fields": {"product": 1, "order": 17, "price": "279.00", "quantity": 1}}, {"model": "customers.customer", "pk": 1, "fields": {"first_name": "testuser", "last_name": "tester", "phone": 1234567890, "email": "testtestoff940@mailinator.com", "time_created": "2023-02-21T05:38:44.026Z", "user": 4, "token": "12345"}}, {"model": "customers.customer", "pk": 2, "fields": {"first_name": "", "last_name": "", "phone": null, "email": "", "time_created": "2023-03-05T03:55:40.574Z", "user": null, "token": "f6e82cad-e81b-493e-ac9d-0e5e0f7693a3"}}, {"model": "customers.customer", "pk": 3, "fields": {"first_name": "", "last_name": "", "phone": null, "email": "", "time_created": "2023-03-05T20:36:38.384Z", "user": null, "token": "36e9d2a6-1c2c-447d-a6c1-ae491d85f0ed"}}, {"model": "customers.customer", "pk": 4, "fields": {"first_name": "", "last_name": "", "phone": null, "email": "", "time_created": "2023-03-05T21:01:50.346Z", "user": null, "token": "4fe3dfe5-ff8a-4405-8244-7151e84b2e2c"}}, {"model": "customers.customer", "pk": 5, "fields": {"first_name": "", "last_name": "", "phone": null, "email": "", "time_created": "2023-03-05T21:13:35.223Z", "user": null, "token": "31a89291-e97a-4c1c-a23d-620d28f6611d"}}, {"model": "customers.customer", "pk": 6, "fields": {"first_name": "Ivan", "last_name": "Ivanov", "phone": null, "email": "Ivanov@gmail.com", "time_created": "2023-03-05T22:30:22.563Z", "user": 5, "token": "11bdffcf-6468-4439-ab54-4ba02e7f923e"}}, {"model": "customers.customer", "pk": 7, "fields": {"first_name": "Victor", "last_name": "Victorov", "phone": null, "email": "Voctorov@gmail.com", "time_created": "2023-03-06T00:22:24.699Z", "user": 6, "token": "96f5690a-7519-41e2-b4a6-e7c40dd3928e"}}, {"model": "customers.customer", "pk": 8, "fields": {"first_name": "Ivan", "last_name": "Sidorov", "phone": null, "email": "Sidorov@gmail.com", "time_created": "2023-03-06T01:23:45.815Z", "user": 7, "token": "40c94dcd-d2a7-46c3-8c6f-8028c9741603"}}, {"model": "customers.customer", "pk": 9, "fields": {"first_name": "", "last_name": "", "phone": null, "email": "", "time_created": "2023-03-06T03:23:34.988Z", "user": null, "token": "3e53e673-4c6a-4129-ba04-68c2b6a9d73b"}}, {"model": "customers.customer", "pk": 10, "fields": {"first_name": "", "last_name": "", "phone": null, "email": "", "time_created": "2023-03-06T03:58:23.412Z", "user": null, "token": "8c4e371a-0027-4c08-8776-7e3610d1a221"}}, {"model": "customers.customer", "pk": 11, "fields": {"first_name": "", "last_name": "", "phone": null, "email": "", "time_created": "2023-03-06T04:05:59.851Z", "user": null, "token": "d3ddbbce-8505-4512-8793-904d33f5509e"}}, {"model": "customers.customer", "pk": 12, "fields": {"first_name": "", "last_name": "", "phone": null, "email": "", "time_created": "2023-03-06T08:08:03.592Z", "user": null, "token": "c9956f07-7bb6-43ca-8650-ac6a2ffbe21d"}}, {"model": "customers.customer", "pk": 13, "fields": {"first_name": "Tester", "last_name": "Test", "phone": 1234567789, "email": "test@mail.com", "time_created": "2023-03-06T21:40:56.375Z", "user": null, "token": "28feddb1-ae22-4d41-8e0b-433bb998426f"}}, {"model": "customers.customer", "pk": 14, "fields": {"first_name": "Tester", "last_name": "Test", "phone": 1234567789, "email": "test@mail.com", "time_created": "2023-03-07T07:17:35.508Z", "user": null, "token": "39caf5d9-bc4f-4d92-9af3-d502b68f6f2a"}}, {"model": "customers.customer", "pk": 15, "fields": {"first_name": "", "last_name": "", "phone": null, "email": "", "time_created": "2023-03-08T03:29:45.024Z", "user": null, "token": "6cf161bd-610e-4017-bb16-9a4c8ddae57d"}}, {"model": "customers.customer", "pk": 16, "fields": {"first_name": "", "last_name": "", "phone": null, "email": "", "time_created": "2023-03-08T04:08:02.863Z", "user": null, "token": "539e721b-16a9-4cb2-9820-596de7325a25"}}, {"model": "customers.customer", "pk": 17, "fields": {"first_name": "", "last_name": "", "phone": null, "email": "", "time_created": "2023-03-09T01:22:05.205Z", "user": null, "token": "7cf3dbef-6997-4d98-ad23-0c493d354996"}}, {"model": "customers.customer", "pk": 18, "fields": {"first_name": "", "last_name": "", "phone": null, "email": "", "time_created": "2023-03-09T03:56:58.036Z", "user": null, "token": "f5d98075-bcdf-44b8-8902-cf49983ef11f"}}, {"model": "customers.customer", "pk": 19, "fields": {"first_name": "Tester", "last_name": "Test", "phone": 1234567789, "email": "test@mail.com", "time_created": "2023-03-10T00:37:31.219Z", "user": null, "token": "735bd6a4-9690-4655-a755-7fc33199d763"}}, {"model": "customers.customeraddress", "pk": 1, "fields": {"country": "USA", "city": "LA", "address": "1234 Main Avenue", "post_code": "95838", "customer": 1}}, {"model": "customers.customeraddress", "pk": 2, "fields": {"country": "United States", "city": "Boston", "address": "12 Main st. apt 10", "post_code": "21223", "customer": 14}}, {"model": "customers.customeraddress", "pk": 3, "fields": {"country": "United States", "city": "Boston", "address": "12 Main st. apt 10", "post_code": "21223", "customer": 13}}, {"model": "customers.customeraddress", "pk": 4, "fields": {"country": "United States", "city": "Boston", "address": "12 Main st. apt 10", "post_code": "21223", "customer": 19}}]
